Institute,Academic Program Name,Quota,Seat Type,Gender,Opening Rank,Closing Rank,State
Indian Institute of Technology Bhubaneswar,"Civil Engineering (4 Years, Bachelor of Technology)",AI,OPEN (PwD),Gender-Neutral,254,254,Odisha
Indian Institute of Technology Bhubaneswar,"Civil Engineering and M. Tech. in Structural Engineering (5 Years, Bachelor and Master of Technology (Dual Degree))",AI,OPEN (PwD),Gender-Neutral,242,242,Odisha
Indian Institute of Technology Bhubaneswar,"Computer Science and Engineering (4 Years, Bachelor of Technology)",AI,EWS (PwD),Gender-Neutral,31,31,Odisha
Indian Institute of Technology Bhubaneswar,"Electrical Engineering (4 Years, Bachelor of Technology)",AI,ST,Female-only (including Supernumerary),301,301,Odisha
Indian Institute of Technology Bhubaneswar,"Electronics and Communication Engineering (4 Years, Bachelor of Technology)",AI,OPEN (PwD),Gender-Neutral,37,37,Odisha
Indian Institute of Technology Bhubaneswar,"Mechanical Engineering (4 Years, Bachelor of Technology)",AI,ST,Female-only (including Supernumerary),382,382,Odisha
Indian Institute of Technology Bhubaneswar,"Metallurgical and Materials Engineering (4 Years, Bachelor of Technology)",AI,ST,Gender-Neutral,85,250,Odisha
Indian Institute of Technology Bhubaneswar,"Metallurgical and Materials Engineering (5 Years, Bachelor and Master of Technology (Dual Degree))",AI,ST,Gender-Neutral,520,520,Odisha
Indian Institute of Technology Bombay,"Chemical Engineering (4 Years, Bachelor of Technology)",AI,OBC-NCL (PwD),Gender-Neutral,13,13,Maharashtra
Indian Institute of Technology Bombay,"Chemistry (4 Years, Bachelor of Science)",AI,ST,Gender-Neutral,87,203,Maharashtra
Indian Institute of Technology Bombay,"Chemistry (4 Years, Bachelor of Science)",AI,ST,Female-only (including Supernumerary),859,859,Maharashtra
Indian Institute of Technology Bombay,"Civil Engineering (4 Years, Bachelor of Technology)",AI,OBC-NCL (PwD),Gender-Neutral,22,32,Maharashtra
Indian Institute of Technology Bombay,"Civil Engineering (4 Years, Bachelor of Technology)",AI,OBC-NCL (PwD),Female-only (including Supernumerary),93,93,Maharashtra
Indian Institute of Technology Bombay,"Electrical Engineering (5 Years, Bachelor and Master of Technology (Dual Degree))",AI,OBC-NCL (PwD),Gender-Neutral,43,43,Maharashtra
Indian Institute of Technology Bombay,"Energy Engineering with M.Tech. in Energy Systems Engineering (5 Years, Bachelor and Master of Technology (Dual Degree))",AI,OPEN (PwD),Gender-Neutral,80,80,Maharashtra
Indian Institute of Technology Bombay,"Engineering Physics (4 Years, Bachelor of Technology)",AI,ST,Female-only (including Supernumerary),72,72,Maharashtra
Indian Institute of Technology Bombay,"Environmental Science and Engineering (5 Years, Bachelor and Master of Technology (Dual Degree))",AI,ST,Gender-Neutral,290,304,Maharashtra
Indian Institute of Technology Bombay,"Environmental Science and Engineering (5 Years, Bachelor and Master of Technology (Dual Degree))",AI,ST,Female-only (including Supernumerary),923,923,Maharashtra
Indian Institute of Technology Bombay,"Mechanical Engineering (4 Years, Bachelor of Technology)",AI,OPEN (PwD),Female-only (including Supernumerary),226,226,Maharashtra
Indian Institute of Technology Bombay,"Mechanical Engineering and M.Tech. in Computer Integrated Manufacturing (5 Years, Bachelor and Master of Technology (Dual Degree))",AI,OPEN (PwD),Gender-Neutral,150,150,Maharashtra
Indian Institute of Technology Bombay,"Metallurgical Engineering & Materials Science (5 Years, Bachelor and Master of Technology (Dual Degree))",AI,OPEN (PwD),Gender-Neutral,178,178,Maharashtra
Indian Institute of Technology Bombay,"Metallurgical Engineering & Materials Science (5 Years, Bachelor and Master of Technology (Dual Degree))",AI,ST,Female-only (including Supernumerary),367,367,Maharashtra
Indian Institute of Technology Bombay,"Metallurgical Engineering and Materials Science (4 Years, Bachelor of Technology)",AI,OPEN (PwD),Gender-Neutral,1,33,Maharashtra
Indian Institute of Technology Mandi,"Bio Engineering (5 Years, Bachelor and Master of Technology (Dual Degree))",AI,SC,Female-only (including Supernumerary),963,963,Himachal Pradesh
Indian Institute of Technology Mandi,"Bio Engineering (5 Years, Bachelor and Master of Technology (Dual Degree))",AI,ST,Gender-Neutral,678,845,Himachal Pradesh
Indian Institute of Technology Mandi,"Civil Engineering (4 Years, Bachelor of Technology)",AI,ST,Female-only (including Supernumerary),454,454,Himachal Pradesh
Indian Institute of Technology Mandi,"Computer Science and Engineering (4 Years, Bachelor of Technology)",AI,EWS (PwD),Gender-Neutral,16,16,Himachal Pradesh
Indian Institute of Technology Mandi,"Computer Science and Engineering (4 Years, Bachelor of Technology)",AI,OBC-NCL (PwD),Gender-Neutral,14,14,Himachal Pradesh
Indian Institute of Technology Mandi,"Engineering Physics (4 Years, Bachelor of Technology)",AI,ST,Gender-Neutral,572,645,Himachal Pradesh
Indian Institute of Technology Mandi,"Mechanical Engineering (4 Years, Bachelor of Technology)",AI,ST,Female-only (including Supernumerary),849,849,Himachal Pradesh
Indian Institute of Technology Delhi,"Biotechnology and Biochemical Engineering (4 Years, Bachelor of Technology)",AI,OPEN (PwD),Female-only (including Supernumerary),164,164,Delhi
Indian Institute of Technology Delhi,"Biotechnology and Biochemical Engineering (4 Years, Bachelor of Technology)",AI,ST,Gender-Neutral,70,157,Delhi
Indian Institute of Technology Delhi,"Chemical Engineering (5 Years, Bachelor and Master of Technology (Dual Degree))",AI,OPEN (PwD),Gender-Neutral,52,52,Delhi
Indian Institute of Technology Delhi,"Civil Engineering (4 Years, Bachelor of Technology)",AI,EWS (PwD),Gender-Neutral,10,10,Delhi
Indian Institute of Technology Delhi,"Civil Engineering (4 Years, Bachelor of Technology)",AI,SC (PwD),Gender-Neutral,9,9,Delhi
Indian Institute of Technology Delhi,"Computer Science and Engineering (4 Years, Bachelor of Technology)",AI,ST (PwD),Gender-Neutral,1,1,Delhi
Indian Institute of Technology Delhi,"Electrical Engineering (Power and Automation) (4 Years, Bachelor of Technology)",AI,OBC-NCL (PwD),Gender-Neutral,46,46,Delhi
Indian Institute of Technology Delhi,"Engineering and Computational Mechanics (4 Years, Bachelor of Technology)",AI,ST,Female-only (including Supernumerary),765,765,Delhi
Indian Institute of Technology Delhi,"Engineering Physics (4 Years, Bachelor of Technology)",AI,OPEN (PwD),Gender-Neutral,9,9,Delhi
Indian Institute of Technology Delhi,"Materials Engineering (4 Years, Bachelor of Technology)",AI,ST,Female-only (including Supernumerary),643,643,Delhi
Indian Institute of Technology Delhi,"Mechanical Engineering (4 Years, Bachelor of Technology)",AI,OPEN (PwD),Female-only (including Supernumerary),153,153,Delhi
Indian Institute of Technology Delhi,"Mechanical Engineering (4 Years, Bachelor of Technology)",AI,OBC-NCL (PwD),Gender-Neutral,38,38,Delhi
Indian Institute of Technology Delhi,"Mechanical Engineering (4 Years, Bachelor of Technology)",AI,SC (PwD),Gender-Neutral,1,1,Delhi
Indian Institute of Technology Delhi,"Production and Industrial Engineering (4 Years, Bachelor of Technology)",AI,OPEN (PwD),Gender-Neutral,122,222,Delhi
Indian Institute of Technology Delhi,"Production and Industrial Engineering (4 Years, Bachelor of Technology)",AI,ST,Female-only (including Supernumerary),798,798,Delhi
Indian Institute of Technology Delhi,"Textile Technology (4 Years, Bachelor of Technology)",AI,ST,Gender-Neutral,62,314,Delhi
Indian Institute of Technology Delhi,"Textile Technology (4 Years, Bachelor of Technology)",AI,ST,Female-only (including Supernumerary),894,912,Delhi
Indian Institute of Technology Indore,"Civil Engineering (4 Years, Bachelor of Technology)",AI,OPEN (PwD),Gender-Neutral,228,228,Madhya Pradesh
Indian Institute of Technology Indore,"Computer Science and Engineering (4 Years, Bachelor of Technology)",AI,SC (PwD),Gender-Neutral,6,6,Madhya Pradesh
Indian Institute of Technology Indore,"Computer Science and Engineering (4 Years, Bachelor of Technology)",AI,ST (PwD),Gender-Neutral,6,6,Madhya Pradesh
Indian Institute of Technology Indore,"Electrical Engineering (4 Years, Bachelor of Technology)",AI,OBC-NCL (PwD),Gender-Neutral,15,15,Madhya Pradesh
Indian Institute of Technology Indore,"Mechanical Engineering (4 Years, Bachelor of Technology)",AI,ST,Female-only (including Supernumerary),569,569,Madhya Pradesh
Indian Institute of Technology Indore,"Metallurgical Engineering and Materials Science (4 Years, Bachelor of Technology)",AI,ST,Gender-Neutral,90,400,Madhya Pradesh
Indian Institute of Technology Indore,"Metallurgical Engineering and Materials Science (4 Years, Bachelor of Technology)",AI,ST,Female-only (including Supernumerary),1072,1072,Madhya Pradesh
Indian Institute of Technology Kharagpur,"Aerospace Engineering (4 Years, Bachelor of Technology)",AI,OBC-NCL (PwD),Gender-Neutral,86,86,West Bengal
Indian Institute of Technology Kharagpur,"Agricultural and Food Engineering (4 Years, Bachelor of Technology)",AI,ST,Gender-Neutral,41,352,West Bengal
Indian Institute of Technology Kharagpur,"Agricultural and Food Engineering (4 Years, Bachelor of Technology)",AI,ST,Female-only (including Supernumerary),370,370,West Bengal
Indian Institute of Technology Kharagpur,"Agricultural and Food Engineering with M.Tech. in any of the listed specializations (5 Years, Bachelor and Master of Technology (Dual Degree))",AI,ST,Gender-Neutral,450,472,West Bengal
Indian Institute of Technology Kharagpur,"Agricultural and Food Engineering with M.Tech. in any of the listed specializations (5 Years, Bachelor and Master of Technology (Dual Degree))",AI,ST,Female-only (including Supernumerary),753,753,West Bengal
Indian Institute of Technology Kharagpur,"Applied Geology (5 Years, Integrated Master of Science)",AI,ST,Gender-Neutral,56,889,West Bengal
Indian Institute of Technology Kharagpur,"Applied Geology (5 Years, Integrated Master of Science)",AI,ST,Female-only (including Supernumerary),1207,1207,West Bengal
Indian Institute of Technology Kharagpur,"Architecture (5 Years, Bachelor of Architecture)",AI,SC,Gender-Neutral,200,1320,West Bengal
Indian Institute of Technology Kharagpur,"Architecture (5 Years, Bachelor of Architecture)",AI,ST,Gender-Neutral,96,220,West Bengal
Indian Institute of Technology Kharagpur,"Architecture (5 Years, Bachelor of Architecture)",AI,ST,Female-only (including Supernumerary),1111,1111,West Bengal
Indian Institute of Technology Kharagpur,"Biotechnology and Biochemical Engineering (4 Years, Bachelor of Technology)",AI,ST,Gender-Neutral,217,260,West Bengal
Indian Institute of Technology Kharagpur,"Biotechnology and Biochemical Engineering (5 Years, Bachelor and Master of Technology (Dual Degree))",AI,ST,Gender-Neutral,451,671,West Bengal
Indian Institute of Technology Kharagpur,"Biotechnology and Biochemical Engineering (5 Years, Bachelor and Master of Technology (Dual Degree))",AI,ST,Female-only (including Supernumerary),800,800,West Bengal
Indian Institute of Technology Kharagpur,"Chemical Engineering (4 Years, Bachelor of Technology)",AI,OPEN (PwD),Gender-Neutral,139,139,West Bengal
Indian Institute of Technology Kharagpur,"Chemistry (5 Years, Integrated Master of Science)",AI,SC,Female-only (including Supernumerary),744,744,West Bengal
Indian Institute of Technology Kharagpur,"Chemistry (5 Years, Integrated Master of Science)",AI,ST,Gender-Neutral,527,638,West Bengal
Indian Institute of Technology Kharagpur,"Chemistry (5 Years, Integrated Master of Science)",AI,ST,Female-only (including Supernumerary),1201,1201,West Bengal
Indian Institute of Technology Kharagpur,"Computer Science and Engineering (4 Years, Bachelor of Technology)",AI,OBC-NCL (PwD),Female-only (including Supernumerary),37,37,West Bengal
Indian Institute of Technology Kharagpur,"Computer Science and Engineering (4 Years, Bachelor of Technology)",AI,ST (PwD),Gender-Neutral,4,4,West Bengal
Indian Institute of Technology Kharagpur,"Economics (5 Years, Integrated Master of Science)",AI,OPEN (PwD),Gender-Neutral,112,112,West Bengal
Indian Institute of Technology Kharagpur,"Economics (5 Years, Integrated Master of Science)",AI,ST,Gender-Neutral,91,361,West Bengal
Indian Institute of Technology Kharagpur,"Exploration Geophysics (5 Years, Integrated Master of Science)",AI,SC,Female-only (including Supernumerary),380,380,West Bengal
Indian Institute of Technology Kharagpur,"Exploration Geophysics (5 Years, Integrated Master of Science)",AI,ST,Gender-Neutral,675,919,West Bengal
Indian Institute of Technology Kharagpur,"Exploration Geophysics (5 Years, Integrated Master of Science)",AI,ST,Female-only (including Supernumerary),1326,1326,West Bengal
Indian Institute of Technology Kharagpur,"Industrial and Systems Engineering with M.Tech. in Industrial and Systems Engineering and Management (5 Years, Bachelor and Master of Technology (Dual Degree))",AI,ST,Gender-Neutral,96,291,West Bengal
Indian Institute of Technology Kharagpur,"Manufacturing Science and Engineering (4 Years, Bachelor of Technology)",AI,ST,Gender-Neutral,93,76,West Bengal
Indian Institute of Technology Kharagpur,"Manufacturing Science and Engineering (4 Years, Bachelor of Technology)",AI,ST,Female-only (including Supernumerary),783,783,West Bengal
Indian Institute of Technology Kharagpur,"Manufacturing Science and Engineering with M.Tech. in Industrial and Systems Engineering and Management (5 Years, Bachelor and Master of Technology (Dual Degree))",AI,ST,Gender-Neutral,190,190,West Bengal
Indian Institute of Technology Kharagpur,"Mathematics and Computing (5 Years, Integrated Master of Science)",AI,OPEN (PwD),Female-only (including Supernumerary),208,208,West Bengal
Indian Institute of Technology Kharagpur,"Mathematics and Computing (5 Years, Integrated Master of Science)",AI,EWS (PwD),Gender-Neutral,20,20,West Bengal
Indian Institute of Technology Kharagpur,"Mathematics and Computing (5 Years, Integrated Master of Science)",AI,OBC-NCL (PwD),Gender-Neutral,34,34,West Bengal
Indian Institute of Technology Kharagpur,"Mechanical Engineering (4 Years, Bachelor of Technology)",AI,OPEN (PwD),Gender-Neutral,12,51,West Bengal
Indian Institute of Technology Kharagpur,"Mechanical Engineering (4 Years, Bachelor of Technology)",AI,OPEN (PwD),Female-only (including Supernumerary),249,249,West Bengal
Indian Institute of Technology Kharagpur,"Mechanical Engineering (4 Years, Bachelor of Technology)",AI,OBC-NCL (PwD),Gender-Neutral,57,57,West Bengal
Indian Institute of Technology Kharagpur,"Mechanical Engineering (4 Years, Bachelor of Technology)",AI,SC (PwD),Gender-Neutral,10,10,West Bengal
Indian Institute of Technology Kharagpur,"Mechanical Engineering (4 Years, Bachelor of Technology)",AI,ST (PwD),Gender-Neutral,5,5,West Bengal
Indian Institute of Technology Kharagpur,"Mechanical Engineering with M.Tech. in any of the listed specializations (5 Years, Bachelor and Master of Technology (Dual Degree))",AI,OPEN (PwD),Gender-Neutral,124,124,West Bengal
Indian Institute of Technology Kharagpur,"Metallurgical and Materials Engineering (4 Years, Bachelor of Technology)",AI,ST,Female-only (including Supernumerary),102,102,West Bengal
Indian Institute of Technology Kharagpur,"Metallurgical and Materials Engineering (5 Years, Bachelor and Master of Technology (Dual Degree))",AI,ST,Gender-Neutral,180,241,West Bengal
Indian Institute of Technology Kharagpur,"Mining Engineering (4 Years, Bachelor of Technology)",AI,ST,Female-only (including Supernumerary),852,852,West Bengal
Indian Institute of Technology Kharagpur,"Mining Engineering (5 Years, Bachelor and Master of Technology (Dual Degree))",AI,ST,Gender-Neutral,187,461,West Bengal
Indian Institute of Technology Kharagpur,"Mining Safety Engineering (5 Years, Bachelor and Master of Technology (Dual Degree))",AI,ST,Gender-Neutral,515,515,West Bengal
Indian Institute of Technology Kharagpur,"Ocean Engineering and Naval Architecture (4 Years, Bachelor of Technology)",AI,ST,Gender-Neutral,64,507,West Bengal
Indian Institute of Technology Kharagpur,"Ocean Engineering and Naval Architecture (4 Years, Bachelor of Technology)",AI,ST,Female-only (including Supernumerary),1140,1140,West Bengal
Indian Institute of Technology Kharagpur,"Ocean Engineering and Naval Architecture (5 Years, Bachelor and Master of Technology (Dual Degree))",AI,ST,Gender-Neutral,413,544,West Bengal
Indian Institute of Technology Kharagpur,"Physics (5 Years, Integrated Master of Science)",AI,ST,Gender-Neutral,193,888,West Bengal
Indian Institute of Technology Kharagpur,"Physics (5 Years, Integrated Master of Science)",AI,ST,Female-only (including Supernumerary),1152,1152,West Bengal
Indian Institute of Technology Kharagpur,"Quality Engineering Design and Manufacturing (5 Years, Bachelor and Master of Technology (Dual Degree))",AI,ST,Gender-Neutral,252,252,West Bengal
Indian Institute of Technology Hyderabad,"Biomedical Engineering (4 Years, Bachelor of Technology)",AI,ST,Gender-Neutral,89,803,Telangana
Indian Institute of Technology Hyderabad,"Civil Engineering (4 Years, Bachelor of Technology)",AI,OPEN (PwD),Gender-Neutral,97,97,Telangana
Indian Institute of Technology Hyderabad,"Civil Engineering (4 Years, Bachelor of Technology)",AI,OBC-NCL (PwD),Gender-Neutral,90,90,Telangana
Indian Institute of Technology Hyderabad,"Computer Science and Engineering (4 Years, Bachelor of Technology)",AI,OBC-NCL (PwD),Female-only (including Supernumerary),69,69,Telangana
Indian Institute of Technology Hyderabad,"Electrical Engineering (4 Years, Bachelor of Technology)",AI,EWS (PwD),Gender-Neutral,28,28,Telangana
Indian Institute of Technology Hyderabad,"Engineering Physics (4 Years, Bachelor of Technology)",AI,ST,Gender-Neutral,92,378,Telangana
Indian Institute of Technology Hyderabad,"Materials Science and Metallurgical Engineering (4 Years, Bachelor of Technology)",AI,OPEN (PwD),Gender-Neutral,207,207,Telangana
Indian Institute of Technology Jodhpur,"Bio Engineering (4 Years, Bachelor of Technology)",AI,ST,Gender-Neutral,523,832,Rajasthan
Indian Institute of Technology Jodhpur,"Bio Engineering (4 Years, Bachelor of Technology)",AI,ST,Female-only (including Supernumerary),1076,1076,Rajasthan
Indian Institute of Technology Jodhpur,"Chemical Engineering (4 Years, Bachelor of Technology)",AI,ST,Gender-Neutral,85,173,Rajasthan
Indian Institute of Technology Jodhpur,"Computer Science and Engineering (4 Years, Bachelor of Technology)",AI,OPEN (PwD),Female-only (including Supernumerary),117,117,Rajasthan
Indian Institute of Technology Jodhpur,"Electrical Engineering (4 Years, Bachelor of Technology)",AI,OPEN (PwD),Gender-Neutral,161,161,Rajasthan
Indian Institute of Technology Jodhpur,"Electrical Engineering (4 Years, Bachelor of Technology)",AI,ST,Female-only (including Supernumerary),332,460,Rajasthan
Indian Institute of Technology Jodhpur,"Materials Engineering (4 Years, Bachelor of Technology)",AI,ST,Gender-Neutral,371,735,Rajasthan
Indian Institute of Technology Jodhpur,"Mechanical Engineering (4 Years, Bachelor of Technology)",AI,ST,Female-only (including Supernumerary),644,644,Rajasthan
Indian Institute of Technology Kanpur,"Aerospace Engineering (4 Years, Bachelor of Technology)",AI,ST,Female-only (including Supernumerary),68,68,Uttar Pradesh
Indian Institute of Technology Kanpur,"Biological Sciences and Bioengineering (4 Years, Bachelor of Technology)",AI,ST,Gender-Neutral,422,640,Uttar Pradesh
Indian Institute of Technology Kanpur,"Biological Sciences and Bioengineering (4 Years, Bachelor of Technology)",AI,ST,Female-only (including Supernumerary),1032,1032,Uttar Pradesh
Indian Institute of Technology Kanpur,"Chemical Engineering (4 Years, Bachelor of Technology)",AI,OPEN (PwD),Gender-Neutral,193,233,Uttar Pradesh
Indian Institute of Technology Kanpur,"Chemistry (4 Years, Bachelor of Science)",AI,ST,Gender-Neutral,805,848,Uttar Pradesh
Indian Institute of Technology Kanpur,"Chemistry (4 Years, Bachelor of Science)",AI,ST,Female-only (including Supernumerary),1085,1085,Uttar Pradesh
Indian Institute of Technology Kanpur,"Civil Engineering (4 Years, Bachelor of Technology)",AI,OPEN (PwD),Gender-Neutral,15,26,Uttar Pradesh
Indian Institute of Technology Kanpur,"Civil Engineering (4 Years, Bachelor of Technology)",AI,OBC-NCL (PwD),Gender-Neutral,79,94,Uttar Pradesh
Indian Institute of Technology Kanpur,"Computer Science and Engineering (4 Years, Bachelor of Technology)",AI,OBC-NCL (PwD),Female-only (including Supernumerary),7,7,Uttar Pradesh
Indian Institute of Technology Kanpur,"Computer Science and Engineering (4 Years, Bachelor of Technology)",AI,ST (PwD),Gender-Neutral,2,2,Uttar Pradesh
Indian Institute of Technology Kanpur,"Earth Sciences (4 Years, Bachelor of Science)",AI,ST,Gender-Neutral,330,612,Uttar Pradesh
Indian Institute of Technology Kanpur,"Earth Sciences (4 Years, Bachelor of Science)",AI,ST,Female-only (including Supernumerary),1217,1217,Uttar Pradesh
Indian Institute of Technology Kanpur,"Economics (4 Years, Bachelor of Science)",AI,ST,Gender-Neutral,22,574,Uttar Pradesh
Indian Institute of Technology Kanpur,"Economics (4 Years, Bachelor of Science)",AI,ST,Female-only (including Supernumerary),1065,1065,Uttar Pradesh
Indian Institute of Technology Kanpur,"Electrical Engineering (4 Years, Bachelor of Technology)",AI,EWS (PwD),Gender-Neutral,27,27,Uttar Pradesh
Indian Institute of Technology Kanpur,"Materials Science and Engineering (4 Years, Bachelor of Technology)",AI,ST,Gender-Neutral,90,214,Uttar Pradesh
Indian Institute of Technology Kanpur,"Materials Science and Engineering (4 Years, Bachelor of Technology)",AI,ST,Female-only (including Supernumerary),899,899,Uttar Pradesh
Indian Institute of Technology Kanpur,"Mechanical Engineering (4 Years, Bachelor of Technology)",AI,OPEN (PwD),Gender-Neutral,14,23,Uttar Pradesh
Indian Institute of Technology Kanpur,"Mechanical Engineering (4 Years, Bachelor of Technology)",AI,OBC-NCL (PwD),Gender-Neutral,77,83,Uttar Pradesh
Indian Institute of Technology Kanpur,"Physics (4 Years, Bachelor of Science)",AI,ST,Gender-Neutral,77,737,Uttar Pradesh
Indian Institute of Technology Kanpur,"Physics (4 Years, Bachelor of Science)",AI,ST,Female-only (including Supernumerary),877,877,Uttar Pradesh
Indian Institute of Technology Madras,"Aerospace Engineering (4 Years, Bachelor of Technology)",AI,OBC-NCL (PwD),Gender-Neutral,41,41,Tamil Nadu
Indian Institute of Technology Madras,"Biological Engineering (5 Years, Bachelor and Master of Technology (Dual Degree))",AI,OPEN (PwD),Gender-Neutral,187,187,Tamil Nadu
Indian Institute of Technology Madras,"Biological Engineering (5 Years, Bachelor and Master of Technology (Dual Degree))",AI,ST,Gender-Neutral,186,611,Tamil Nadu
Indian Institute of Technology Madras,"Biological Engineering (5 Years, Bachelor and Master of Technology (Dual Degree))",AI,ST,Female-only (including Supernumerary),928,928,Tamil Nadu
Indian Institute of Technology Madras,"Biological Sciences (5 Years, Bachelor of Science and Master of Science (Dual Degree))",AI,OPEN (PwD),Gender-Neutral,217,217,Tamil Nadu
Indian Institute of Technology Madras,"Biological Sciences (5 Years, Bachelor of Science and Master of Science (Dual Degree))",AI,ST,Gender-Neutral,324,327,Tamil Nadu
Indian Institute of Technology Madras,"Biological Sciences (5 Years, Bachelor of Science and Master of Science (Dual Degree))",AI,ST,Female-only (including Supernumerary),1244,1244,Tamil Nadu
Indian Institute of Technology Madras,"Chemical Engineering (4 Years, Bachelor of Technology)",AI,OPEN (PwD),Gender-Neutral,15,194,Tamil Nadu
Indian Institute of Technology Madras,"Civil Engineering (4 Years, Bachelor of Technology)",AI,OPEN (PwD),Gender-Neutral,14,65,Tamil Nadu
Indian Institute of Technology Madras,"Civil Engineering (4 Years, Bachelor of Technology)",AI,EWS (PwD),Gender-Neutral,18,18,Tamil Nadu
Indian Institute of Technology Madras,"Civil Engineering (4 Years, Bachelor of Technology)",AI,OBC-NCL (PwD),Gender-Neutral,29,29,Tamil Nadu
Indian Institute of Technology Madras,"Computer Science and Engineering (4 Years, Bachelor of Technology)",AI,SC (PwD),Gender-Neutral,4,4,Tamil Nadu
Indian Institute of Technology Madras,"Electrical Engineering (4 Years, Bachelor of Technology)",AI,EWS (PwD),Gender-Neutral,15,15,Tamil Nadu
Indian Institute of Technology Madras,"Engineering Design (5 Years, Bachelor and Master of Technology (Dual Degree))",AI,ST,Gender-Neutral,40,302,Tamil Nadu
Indian Institute of Technology Madras,"Engineering Design (5 Years, Bachelor and Master of Technology (Dual Degree))",AI,ST,Female-only (including Supernumerary),299,299,Tamil Nadu
Indian Institute of Technology Madras,"Mechanical Engineering (4 Years, Bachelor of Technology)",AI,OPEN (PwD),Gender-Neutral,62,145,Tamil Nadu
Indian Institute of Technology Madras,"Mechanical Engineering (4 Years, Bachelor of Technology)",AI,OPEN (PwD),Female-only (including Supernumerary),68,68,Tamil Nadu
Indian Institute of Technology Madras,"Mechanical Engineering (4 Years, Bachelor of Technology)",AI,EWS (PwD),Gender-Neutral,26,26,Tamil Nadu
Indian Institute of Technology Madras,"Mechanical Engineering (4 Years, Bachelor of Technology)",AI,SC (PwD),Gender-Neutral,12,12,Tamil Nadu
Indian Institute of Technology Madras,"Metallurgical and Materials Engineering (4 Years, Bachelor of Technology)",AI,OPEN (PwD),Gender-Neutral,197,197,Tamil Nadu
Indian Institute of Technology Madras,"Metallurgical and Materials Engineering (4 Years, Bachelor of Technology)",AI,ST,Female-only (including Supernumerary),44,44,Tamil Nadu
Indian Institute of Technology Madras,"Naval Architecture and Ocean Engineering (4 Years, Bachelor of Technology)",AI,ST,Gender-Neutral,98,169,Tamil Nadu
Indian Institute of Technology Madras,"Naval Architecture and Ocean Engineering (4 Years, Bachelor of Technology)",AI,ST,Female-only (including Supernumerary),940,940,Tamil Nadu
Indian Institute of Technology Gandhinagar,"Chemical Engineering (4 Years, Bachelor of Technology)",AI,ST,Gender-Neutral,97,23,Gujarat
Indian Institute of Technology Gandhinagar,"Chemical Engineering (4 Years, Bachelor of Technology)",AI,ST,Female-only (including Supernumerary),594,594,Gujarat
Indian Institute of Technology Gandhinagar,"Electrical Engineering (4 Years, Bachelor of Technology)",AI,OPEN (PwD),Gender-Neutral,91,91,Gujarat
Indian Institute of Technology Gandhinagar,"Materials Science and Engineering (4 Years, Bachelor of Technology)",AI,ST,Gender-Neutral,777,808,Gujarat
Indian Institute of Technology Gandhinagar,"Materials Science and Engineering (4 Years, Bachelor of Technology)",AI,ST,Female-only (including Supernumerary),1177,1177,Gujarat
Indian Institute of Technology Gandhinagar,"Mechanical Engineering (4 Years, Bachelor of Technology)",AI,ST,Female-only (including Supernumerary),405,405,Gujarat
Indian Institute of Technology Patna,"Chemical Engineering (4 Years, Bachelor of Technology)",AI,ST,Gender-Neutral,71,213,Bihar
Indian Institute of Technology Patna,"Chemical Engineering (4 Years, Bachelor of Technology)",AI,ST,Female-only (including Supernumerary),1013,1013,Bihar
Indian Institute of Technology Patna,"Civil Engineering (4 Years, Bachelor of Technology)",AI,ST,Female-only (including Supernumerary),114,114,Bihar
Indian Institute of Technology Patna,"Computer Science and Engineering (4 Years, Bachelor of Technology)",AI,OPEN (PwD),Gender-Neutral,7,14,Bihar
Indian Institute of Technology Patna,"Computer Science and Engineering (4 Years, Bachelor of Technology)",AI,OBC-NCL (PwD),Gender-Neutral,11,11,Bihar
Indian Institute of Technology Patna,"Computer Science and Engineering (4 Years, Bachelor of Technology)",AI,SC (PwD),Gender-Neutral,11,11,Bihar
Indian Institute of Technology Patna,"Electrical and Electronics Engineering (4 Years, Bachelor of Technology)",AI,ST,Female-only (including Supernumerary),599,599,Bihar
Indian Institute of Technology Patna,"Mechanical Engineering (4 Years, Bachelor of Technology)",AI,ST,Female-only (including Supernumerary),493,493,Bihar
Indian Institute of Technology Patna,"Metallurgical and Materials Engineering (4 Years, Bachelor of Technology)",AI,SC,Female-only (including Supernumerary),819,819,Bihar
Indian Institute of Technology Patna,"Metallurgical and Materials Engineering (4 Years, Bachelor of Technology)",AI,ST,Gender-Neutral,416,492,Bihar
Indian Institute of Technology Roorkee,"Applied Mathematics (5 Years, Integrated Master of Science)",AI,ST,Female-only (including Supernumerary),1255,1255,Uttarakhand
Indian Institute of Technology Roorkee,"Architecture (5 Years, Bachelor of Architecture)",AI,SC,Gender-Neutral,291,1443,Uttarakhand
Indian Institute of Technology Roorkee,"Architecture (5 Years, Bachelor of Architecture)",AI,ST,Gender-Neutral,583,863,Uttarakhand
Indian Institute of Technology Roorkee,"Bio Technology (4 Years, Bachelor of Technology)",AI,ST,Gender-Neutral,91,595,Uttarakhand
Indian Institute of Technology Roorkee,"Bio Technology (4 Years, Bachelor of Technology)",AI,ST,Female-only (including Supernumerary),579,579,Uttarakhand
Indian Institute of Technology Roorkee,"Chemistry (5 Years, Integrated Master of Science)",AI,SC,Female-only (including Supernumerary),761,761,Uttarakhand
Indian Institute of Technology Roorkee,"Chemistry (5 Years, Integrated Master of Science)",AI,ST,Gender-Neutral,684,684,Uttarakhand
Indian Institute of Technology Roorkee,"Civil Engineering (4 Years, Bachelor of Technology)",AI,OPEN (PwD),Gender-Neutral,125,188,Uttarakhand
Indian Institute of Technology Roorkee,"Civil Engineering (4 Years, Bachelor of Technology)",AI,OBC-NCL (PwD),Gender-Neutral,82,82,Uttarakhand
Indian Institute of Technology Roorkee,"Computer Science and Engineering (4 Years, Bachelor of Technology)",AI,EWS (PwD),Female-only (including Supernumerary),3,3,Uttarakhand
Indian Institute of Technology Roorkee,"Computer Science and Engineering (4 Years, Bachelor of Technology)",AI,SC (PwD),Gender-Neutral,5,5,Uttarakhand
Indian Institute of Technology Roorkee,"Electrical Engineering (4 Years, Bachelor of Technology)",AI,OBC-NCL (PwD),Gender-Neutral,4,9,Uttarakhand
Indian Institute of Technology Roorkee,"Engineering Physics (4 Years, Bachelor of Technology)",AI,OPEN (PwD),Gender-Neutral,165,165,Uttarakhand
Indian Institute of Technology Roorkee,"Engineering Physics (4 Years, Bachelor of Technology)",AI,ST,Gender-Neutral,88,191,Uttarakhand
Indian Institute of Technology Roorkee,"Engineering Physics (4 Years, Bachelor of Technology)",AI,ST,Female-only (including Supernumerary),1170,1170,Uttarakhand
Indian Institute of Technology Roorkee,"Geological Technology (5 Years, Integrated Master of Technology)",AI,SC,Female-only (including Supernumerary),382,382,Uttarakhand
Indian Institute of Technology Roorkee,"Geological Technology (5 Years, Integrated Master of Technology)",AI,ST,Gender-Neutral,20,826,Uttarakhand
Indian Institute of Technology Roorkee,"Geological Technology (5 Years, Integrated Master of Technology)",AI,ST,Female-only (including Supernumerary),1396,1396,Uttarakhand
Indian Institute of Technology Roorkee,"Geophysical Technology (5 Years, Integrated Master of Technology)",AI,SC,Female-only (including Supernumerary),841,841,Uttarakhand
Indian Institute of Technology Roorkee,"Geophysical Technology (5 Years, Integrated Master of Technology)",AI,ST,Gender-Neutral,94,379,Uttarakhand
Indian Institute of Technology Roorkee,"Mechanical Engineering (4 Years, Bachelor of Technology)",AI,OPEN (PwD),Gender-Neutral,107,171,Uttarakhand
Indian Institute of Technology Roorkee,"Metallurgical and Materials Engineering (4 Years, Bachelor of Technology)",AI,ST,Gender-Neutral,92,167,Uttarakhand
Indian Institute of Technology Roorkee,"Metallurgical and Materials Engineering (4 Years, Bachelor of Technology)",AI,ST,Female-only (including Supernumerary),365,825,Uttarakhand
Indian Institute of Technology Roorkee,"Physics (5 Years, Integrated Master of Science)",AI,ST,Gender-Neutral,654,710,Uttarakhand
Indian Institute of Technology Roorkee,"Polymer Science and Engineering (4 Years, Bachelor of Technology)",AI,ST,Gender-Neutral,223,473,Uttarakhand
Indian Institute of Technology Roorkee,"Polymer Science and Engineering (4 Years, Bachelor of Technology)",AI,ST,Female-only (including Supernumerary),1174,1174,Uttarakhand
Indian Institute of Technology Roorkee,"Production and Industrial Engineering (4 Years, Bachelor of Technology)",AI,ST,Female-only (including Supernumerary),667,667,Uttarakhand
Indian Institute of Technology (ISM) Dhanbad,"Applied Geology (5 Years, Integrated Master of Technology)",AI,SC,Female-only (including Supernumerary),1446,1446,Jharkhand
Indian Institute of Technology (ISM) Dhanbad,"Applied Geology (5 Years, Integrated Master of Technology)",AI,ST,Gender-Neutral,866,866,Jharkhand
Indian Institute of Technology (ISM) Dhanbad,"Applied Geophysics (5 Years, Integrated Master of Technology)",AI,SC,Female-only (including Supernumerary),1077,1077,Jharkhand
Indian Institute of Technology (ISM) Dhanbad,"Applied Geophysics (5 Years, Integrated Master of Technology)",AI,ST,Gender-Neutral,892,892,Jharkhand
Indian Institute of Technology (ISM) Dhanbad,"Chemical Engineering (4 Years, Bachelor of Technology)",AI,ST,Female-only (including Supernumerary),578,578,Jharkhand
Indian Institute of Technology (ISM) Dhanbad,"Computer Science and Engineering (4 Years, Bachelor of Technology)",AI,EWS (PwD),Gender-Neutral,6,6,Jharkhand
Indian Institute of Technology (ISM) Dhanbad,"Electrical Engineering (4 Years, Bachelor of Technology)",AI,OPEN (PwD),Gender-Neutral,108,135,Jharkhand
Indian Institute of Technology (ISM) Dhanbad,"Electrical Engineering (4 Years, Bachelor of Technology)",AI,OBC-NCL (PwD),Gender-Neutral,76,76,Jharkhand
Indian Institute of Technology (ISM) Dhanbad,"Electrical Engineering (4 Years, Bachelor of Technology)",AI,ST,Female-only (including Supernumerary),269,391,Jharkhand
Indian Institute of Technology (ISM) Dhanbad,"Electronics and Communication Engineering (4 Years, Bachelor of Technology)",AI,OPEN (PwD),Gender-Neutral,86,99,Jharkhand
Indian Institute of Technology (ISM) Dhanbad,"Electronics and Communication Engineering (4 Years, Bachelor of Technology)",AI,OBC-NCL (PwD),Gender-Neutral,65,65,Jharkhand
Indian Institute of Technology (ISM) Dhanbad,"Electronics and Communication Engineering (4 Years, Bachelor of Technology)",AI,ST,Female-only (including Supernumerary),83,131,Jharkhand
Indian Institute of Technology (ISM) Dhanbad,"Engineering Physics (4 Years, Bachelor of Technology)",AI,ST,Gender-Neutral,90,303,Jharkhand
Indian Institute of Technology (ISM) Dhanbad,"Environmental Engineering (4 Years, Bachelor of Technology)",AI,SC,Female-only (including Supernumerary),209,209,Jharkhand
Indian Institute of Technology (ISM) Dhanbad,"Environmental Engineering (4 Years, Bachelor of Technology)",AI,ST,Gender-Neutral,390,525,Jharkhand
Indian Institute of Technology (ISM) Dhanbad,"Environmental Engineering (4 Years, Bachelor of Technology)",AI,ST,Female-only (including Supernumerary),1392,1392,Jharkhand
Indian Institute of Technology (ISM) Dhanbad,"Mathematics and Computing (5 Years, Integrated Master of Technology)",AI,ST,Female-only (including Supernumerary),424,424,Jharkhand
Indian Institute of Technology (ISM) Dhanbad,"Mechanical Engineering (4 Years, Bachelor of Technology)",AI,ST,Female-only (including Supernumerary),491,774,Jharkhand
Indian Institute of Technology (ISM) Dhanbad,"Mineral and Metallurgical Engineering (4 Years, Bachelor of Technology)",AI,ST,Gender-Neutral,607,715,Jharkhand
Indian Institute of Technology (ISM) Dhanbad,"Mineral and Metallurgical Engineering (4 Years, Bachelor of Technology)",AI,ST,Female-only (including Supernumerary),1253,1253,Jharkhand
Indian Institute of Technology (ISM) Dhanbad,"Mining Engineering (4 Years, Bachelor of Technology)",AI,SC,Female-only (including Supernumerary),333,573,Jharkhand
Indian Institute of Technology (ISM) Dhanbad,"Mining Engineering (4 Years, Bachelor of Technology)",AI,ST,Gender-Neutral,89,256,Jharkhand
Indian Institute of Technology (ISM) Dhanbad,"Mining Engineering (4 Years, Bachelor of Technology)",AI,ST,Female-only (including Supernumerary),586,1148,Jharkhand
Indian Institute of Technology (ISM) Dhanbad,"Mining Machinery Engineering (4 Years, Bachelor of Technology)",AI,SC,Female-only (including Supernumerary),1123,1147,Jharkhand
Indian Institute of Technology (ISM) Dhanbad,"Mining Machinery Engineering (4 Years, Bachelor of Technology)",AI,ST,Gender-Neutral,325,566,Jharkhand
Indian Institute of Technology (ISM) Dhanbad,"Mining Machinery Engineering (4 Years, Bachelor of Technology)",AI,ST,Female-only (including Supernumerary),1088,1088,Jharkhand
Indian Institute of Technology (ISM) Dhanbad,"Petroleum Engineering (4 Years, Bachelor of Technology)",AI,SC,Female-only (including Supernumerary),339,760,Jharkhand
Indian Institute of Technology (ISM) Dhanbad,"Petroleum Engineering (4 Years, Bachelor of Technology)",AI,ST,Gender-Neutral,91,192,Jharkhand
Indian Institute of Technology (ISM) Dhanbad,"Petroleum Engineering (4 Years, Bachelor of Technology)",AI,ST,Female-only (including Supernumerary),1240,1240,Jharkhand
Indian Institute of Technology Ropar,"Chemical Engineering (4 Years, Bachelor of Technology)",AI,ST,Gender-Neutral,118,118,Punjab
Indian Institute of Technology Ropar,"Electrical Engineering (4 Years, Bachelor of Technology)",AI,OPEN (PwD),Gender-Neutral,47,236,Punjab
Indian Institute of Technology Ropar,"Electrical Engineering (4 Years, Bachelor of Technology)",AI,ST,Female-only (including Supernumerary),531,531,Punjab
Indian Institute of Technology Ropar,"Mathematics and Computing (4 Years, Bachelor of Technology)",AI,ST,Female-only (including Supernumerary),462,462,Punjab
Indian Institute of Technology Ropar,"Mechanical Engineering (4 Years, Bachelor of Technology)",AI,ST,Female-only (including Supernumerary),723,723,Punjab
Indian Institute of Technology Ropar,"Metallurgical and Materials Engineering (4 Years, Bachelor of Technology)",AI,SC,Female-only (including Supernumerary),663,663,Punjab
Indian Institute of Technology Ropar,"Metallurgical and Materials Engineering (4 Years, Bachelor of Technology)",AI,ST,Gender-Neutral,312,602,Punjab
Indian Institute of Technology Ropar,"Metallurgical and Materials Engineering (4 Years, Bachelor of Technology)",AI,ST,Female-only (including Supernumerary),1212,1212,Punjab
Indian Institute of Technology (BHU) Varanasi,"Architecture (5 Years, Bachelor of Architecture)",AI,SC,Gender-Neutral,830,2094,Uttar Pradesh
Indian Institute of Technology (BHU) Varanasi,"Architecture (5 Years, Bachelor of Architecture)",AI,SC,Female-only (including Supernumerary),1388,1388,Uttar Pradesh
Indian Institute of Technology (BHU) Varanasi,"Architecture (5 Years, Bachelor of Architecture)",AI,ST,Gender-Neutral,1094,1104,Uttar Pradesh
Indian Institute of Technology (BHU) Varanasi,"Biochemical Engineering with M.Tech. in Biochemical Engineering and Biotechnology (5 Years, Bachelor and Master of Technology (Dual Degree))",AI,SC,Female-only (including Supernumerary),887,887,Uttar Pradesh
Indian Institute of Technology (BHU) Varanasi,"Biochemical Engineering with M.Tech. in Biochemical Engineering and Biotechnology (5 Years, Bachelor and Master of Technology (Dual Degree))",AI,ST,Gender-Neutral,756,761,Uttar Pradesh
Indian Institute of Technology (BHU) Varanasi,"Bioengineering with M.Tech in Biomedical Technology (5 Years, Bachelor and Master of Technology (Dual Degree))",AI,SC,Female-only (including Supernumerary),1244,1244,Uttar Pradesh
Indian Institute of Technology (BHU) Varanasi,"Bioengineering with M.Tech in Biomedical Technology (5 Years, Bachelor and Master of Technology (Dual Degree))",AI,ST,Gender-Neutral,474,474,Uttar Pradesh
Indian Institute of Technology (BHU) Varanasi,"Ceramic Engineering (4 Years, Bachelor of Technology)",AI,ST,Gender-Neutral,464,750,Uttar Pradesh
Indian Institute of Technology (BHU) Varanasi,"Ceramic Engineering (4 Years, Bachelor of Technology)",AI,ST,Female-only (including Supernumerary),1393,1393,Uttar Pradesh
Indian Institute of Technology (BHU) Varanasi,"Ceramic Engineering (5 Years, Bachelor and Master of Technology (Dual Degree))",AI,SC,Female-only (including Supernumerary),1360,1360,Uttar Pradesh
Indian Institute of Technology (BHU) Varanasi,"Ceramic Engineering (5 Years, Bachelor and Master of Technology (Dual Degree))",AI,ST,Gender-Neutral,879,879,Uttar Pradesh
Indian Institute of Technology (BHU) Varanasi,"Chemical Engineering (4 Years, Bachelor of Technology)",AI,OPEN (PwD),Gender-Neutral,158,158,Uttar Pradesh
Indian Institute of Technology (BHU) Varanasi,"Chemical Engineering (4 Years, Bachelor of Technology)",AI,ST,Female-only (including Supernumerary),399,911,Uttar Pradesh
Indian Institute of Technology (BHU) Varanasi,"Civil Engineering (4 Years, Bachelor of Technology)",AI,OPEN (PwD),Gender-Neutral,72,72,Uttar Pradesh
Indian Institute of Technology (BHU) Varanasi,"Electrical Engineering (4 Years, Bachelor of Technology)",AI,OPEN (PwD),Gender-Neutral,17,40,Uttar Pradesh
Indian Institute of Technology (BHU) Varanasi,"Electrical Engineering (4 Years, Bachelor of Technology)",AI,OBC-NCL (PwD),Gender-Neutral,70,70,Uttar Pradesh
Indian Institute of Technology (BHU) Varanasi,"Electrical Engineering with M.Tech. in Power Electronics (5 Years, Bachelor and Master of Technology (Dual Degree))",AI,ST,Female-only (including Supernumerary),59,59,Uttar Pradesh
Indian Institute of Technology (BHU) Varanasi,"Electronics Engineering (4 Years, Bachelor of Technology)",AI,OPEN (PwD),Gender-Neutral,103,121,Uttar Pradesh
Indian Institute of Technology (BHU) Varanasi,"Engineering Physics (5 Years, Bachelor and Master of Technology (Dual Degree))",AI,OPEN (PwD),Gender-Neutral,144,144,Uttar Pradesh
Indian Institute of Technology (BHU) Varanasi,"Engineering Physics (5 Years, Bachelor and Master of Technology (Dual Degree))",AI,ST,Gender-Neutral,129,505,Uttar Pradesh
Indian Institute of Technology (BHU) Varanasi,"Industrial Chemistry (5 Years, Bachelor and Master of Technology (Dual Degree))",AI,SC,Female-only (including Supernumerary),671,671,Uttar Pradesh
Indian Institute of Technology (BHU) Varanasi,"Industrial Chemistry (5 Years, Bachelor and Master of Technology (Dual Degree))",AI,ST,Gender-Neutral,767,791,Uttar Pradesh
Indian Institute of Technology (BHU) Varanasi,"Materials Science and Technology (5 Years, Bachelor and Master of Technology (Dual Degree))",AI,SC,Female-only (including Supernumerary),294,684,Uttar Pradesh
Indian Institute of Technology (BHU) Varanasi,"Materials Science and Technology (5 Years, Bachelor and Master of Technology (Dual Degree))",AI,ST,Gender-Neutral,759,759,Uttar Pradesh
Indian Institute of Technology (BHU) Varanasi,"Mechanical Engineering (4 Years, Bachelor of Technology)",AI,OPEN (PwD),Gender-Neutral,224,224,Uttar Pradesh
Indian Institute of Technology (BHU) Varanasi,"Mechanical Engineering (4 Years, Bachelor of Technology)",AI,ST,Female-only (including Supernumerary),381,463,Uttar Pradesh
Indian Institute of Technology (BHU) Varanasi,"Mechanical Engineering (5 Years, Bachelor and Master of Technology (Dual Degree))",AI,ST,Female-only (including Supernumerary),887,887,Uttar Pradesh
Indian Institute of Technology (BHU) Varanasi,"Metallurgical Engineering (4 Years, Bachelor of Technology)",AI,ST,Gender-Neutral,92,568,Uttar Pradesh
Indian Institute of Technology (BHU) Varanasi,"Metallurgical Engineering (4 Years, Bachelor of Technology)",AI,ST,Female-only (including Supernumerary),1153,1173,Uttar Pradesh
Indian Institute of Technology (BHU) Varanasi,"Metallurgical Engineering (5 Years, Bachelor and Master of Technology (Dual Degree))",AI,ST,Gender-Neutral,657,688,Uttar Pradesh
Indian Institute of Technology (BHU) Varanasi,"Mining Engineering (4 Years, Bachelor of Technology)",AI,SC,Female-only (including Supernumerary),337,950,Uttar Pradesh
Indian Institute of Technology (BHU) Varanasi,"Mining Engineering (4 Years, Bachelor of Technology)",AI,ST,Gender-Neutral,224,445,Uttar Pradesh
Indian Institute of Technology (BHU) Varanasi,"Mining Engineering (4 Years, Bachelor of Technology)",AI,ST,Female-only (including Supernumerary),1039,1081,Uttar Pradesh
Indian Institute of Technology (BHU) Varanasi,"Mining Engineering (5 Years, Bachelor and Master of Technology (Dual Degree))",AI,SC,Female-only (including Supernumerary),969,969,Uttar Pradesh
Indian Institute of Technology (BHU) Varanasi,"Mining Engineering (5 Years, Bachelor and Master of Technology (Dual Degree))",AI,ST,Gender-Neutral,633,633,Uttar Pradesh
Indian Institute of Technology (BHU) Varanasi,"Mining Engineering (5 Years, Bachelor and Master of Technology (Dual Degree))",AI,ST,Female-only (including Supernumerary),1124,1124,Uttar Pradesh
Indian Institute of Technology (BHU) Varanasi,"Pharmaceutical Engineering & Technology (4 Years, Bachelor of Technology)",AI,SC,Female-only (including Supernumerary),893,972,Uttar Pradesh
Indian Institute of Technology (BHU) Varanasi,"Pharmaceutical Engineering & Technology (4 Years, Bachelor of Technology)",AI,ST,Gender-Neutral,600,855,Uttar Pradesh
Indian Institute of Technology (BHU) Varanasi,"Pharmaceutical Engineering & Technology (4 Years, Bachelor of Technology)",AI,ST,Female-only (including Supernumerary),950,950,Uttar Pradesh
Indian Institute of Technology (BHU) Varanasi,"Pharmaceutical Engineering & Technology (5 Years, Bachelor and Master of Technology (Dual Degree))",AI,ST,Gender-Neutral,881,924,Uttar Pradesh
Indian Institute of Technology Guwahati,"Biosciences and Bioengineering (4 Years, Bachelor of Technology)",AI,SC,Female-only (including Supernumerary),313,763,West Bengal
Indian Institute of Technology Guwahati,"Biosciences and Bioengineering (4 Years, Bachelor of Technology)",AI,ST,Gender-Neutral,317,809,West Bengal
Indian Institute of Technology Guwahati,"Biosciences and Bioengineering (4 Years, Bachelor of Technology)",AI,ST,Female-only (including Supernumerary),818,818,West Bengal
Indian Institute of Technology Guwahati,"Chemical Engineering (4 Years, Bachelor of Technology)",AI,ST,Female-only (including Supernumerary),237,288,West Bengal
Indian Institute of Technology Guwahati,"Chemical Science and Technology (4 Years, Bachelor of Technology)",AI,ST,Female-only (including Supernumerary),763,763,West Bengal
Indian Institute of Technology Guwahati,"Civil Engineering (4 Years, Bachelor of Technology)",AI,OPEN (PwD),Female-only (including Supernumerary),141,141,West Bengal
Indian Institute of Technology Guwahati,"Electronics and Electrical Engineering (4 Years, Bachelor of Technology)",AI,OPEN (PwD),Gender-Neutral,34,67,West Bengal
Indian Institute of Technology Guwahati,"Engineering Physics (4 Years, Bachelor of Technology)",AI,ST,Gender-Neutral,85,372,West Bengal
Indian Institute of Technology Guwahati,"Engineering Physics (4 Years, Bachelor of Technology)",AI,ST,Female-only (including Supernumerary),246,246,West Bengal
Indian Institute of Technology Guwahati,"Mechanical Engineering (4 Years, Bachelor of Technology)",AI,OPEN (PwD),Gender-Neutral,159,220,West Bengal
Indian Institute of Technology Bhilai,"Computer Science and Engineering (4 Years, Bachelor of Technology)",AI,OBC-NCL (PwD),Gender-Neutral,18,18,Chhattisgarh
Indian Institute of Technology Bhilai,"Computer Science and Engineering (4 Years, Bachelor of Technology)",AI,ST,Female-only (including Supernumerary),560,560,Chhattisgarh
Indian Institute of Technology Bhilai,"Electrical Engineering (4 Years, Bachelor of Technology)",AI,ST,Female-only (including Supernumerary),746,746,Chhattisgarh
Indian Institute of Technology Bhilai,"Mechanical Engineering (4 Years, Bachelor of Technology)",AI,ST,Gender-Neutral,88,101,Chhattisgarh
Indian Institute of Technology Bhilai,"Mechanical Engineering (4 Years, Bachelor of Technology)",AI,ST,Female-only (including Supernumerary),840,840,Chhattisgarh
Indian Institute of Technology Goa,"Computer Science and Engineering (4 Years, Bachelor of Technology)",AI,OPEN (PwD),Gender-Neutral,5,5,Goa
Indian Institute of Technology Goa,"Computer Science and Engineering (4 Years, Bachelor of Technology)",AI,ST,Female-only (including Supernumerary),221,221,Goa
Indian Institute of Technology Goa,"Electrical Engineering (4 Years, Bachelor of Technology)",AI,ST,Female-only (including Supernumerary),722,722,Goa
Indian Institute of Technology Goa,"Mechanical Engineering (4 Years, Bachelor of Technology)",AI,ST,Female-only (including Supernumerary),867,867,Goa
Indian Institute of Technology Palakkad,"Civil Engineering (4 Years, Bachelor of Technology)",AI,ST,Female-only (including Supernumerary),697,697,Kerala
Indian Institute of Technology Palakkad,"Computer Science and Engineering (4 Years, Bachelor of Technology)",AI,OPEN (PwD),Gender-Neutral,87,87,Kerala
Indian Institute of Technology Palakkad,"Computer Science and Engineering (4 Years, Bachelor of Technology)",AI,OBC-NCL (PwD),Gender-Neutral,59,59,Kerala
Indian Institute of Technology Palakkad,"Computer Science and Engineering (4 Years, Bachelor of Technology)",AI,ST,Female-only (including Supernumerary),171,171,Kerala
Indian Institute of Technology Palakkad,"Electrical Engineering (4 Years, Bachelor of Technology)",AI,ST,Gender-Neutral,47,75,Kerala
Indian Institute of Technology Palakkad,"Electrical Engineering (4 Years, Bachelor of Technology)",AI,ST,Female-only (including Supernumerary),778,778,Kerala
Indian Institute of Technology Palakkad,"Mechanical Engineering (4 Years, Bachelor of Technology)",AI,ST,Gender-Neutral,95,123,Kerala
Indian Institute of Technology Palakkad,"Mechanical Engineering (4 Years, Bachelor of Technology)",AI,ST,Female-only (including Supernumerary),388,388,Kerala
Indian Institute of Technology Tirupati,"Chemical Engineering (4 Years, Bachelor of Technology)",AI,ST,Gender-Neutral,194,239,Andhra Pradesh
Indian Institute of Technology Tirupati,"Chemical Engineering (4 Years, Bachelor of Technology)",AI,ST,Female-only (including Supernumerary),804,804,Andhra Pradesh
Indian Institute of Technology Tirupati,"Civil Engineering (4 Years, Bachelor of Technology)",AI,ST,Female-only (including Supernumerary),528,528,Andhra Pradesh
Indian Institute of Technology Tirupati,"Computer Science and Engineering (4 Years, Bachelor of Technology)",AI,OPEN (PwD),Female-only (including Supernumerary),113,113,Andhra Pradesh
Indian Institute of Technology Tirupati,"Computer Science and Engineering (4 Years, Bachelor of Technology)",AI,EWS (PwD),Gender-Neutral,17,17,Andhra Pradesh
Indian Institute of Technology Tirupati,"Computer Science and Engineering (4 Years, Bachelor of Technology)",AI,ST,Female-only (including Supernumerary),133,133,Andhra Pradesh
Indian Institute of Technology Tirupati,"Electrical Engineering (4 Years, Bachelor of Technology)",AI,ST,Female-only (including Supernumerary),616,616,Andhra Pradesh
Indian Institute of Technology Tirupati,"Mechanical Engineering (4 Years, Bachelor of Technology)",AI,OPEN (PwD),Gender-Neutral,116,116,Andhra Pradesh
Indian Institute of Technology Tirupati,"Mechanical Engineering (4 Years, Bachelor of Technology)",AI,ST,Female-only (including Supernumerary),543,543,Andhra Pradesh
Indian Institute of Technology Jammu,"Chemical Engineering (4 Years, Bachelor of Technology)",AI,ST,Gender-Neutral,227,283,Jammu
Indian Institute of Technology Jammu,"Chemical Engineering (4 Years, Bachelor of Technology)",AI,ST,Female-only (including Supernumerary),1041,1041,Jammu
Indian Institute of Technology Jammu,"Civil Engineering (4 Years, Bachelor of Technology)",AI,SC,Female-only (including Supernumerary),258,258,Jammu
Indian Institute of Technology Jammu,"Civil Engineering (4 Years, Bachelor of Technology)",AI,ST,Female-only (including Supernumerary),740,740,Jammu
Indian Institute of Technology Jammu,"Computer Science and Engineering (4 Years, Bachelor of Technology)",AI,OBC-NCL (PwD),Gender-Neutral,45,45,Jammu
Indian Institute of Technology Jammu,"Computer Science and Engineering (4 Years, Bachelor of Technology)",AI,ST,Female-only (including Supernumerary),498,498,Jammu
Indian Institute of Technology Jammu,"Electrical Engineering (4 Years, Bachelor of Technology)",AI,ST,Female-only (including Supernumerary),576,576,Jammu
Indian Institute of Technology Jammu,"Materials Science and Engineering (4 Years, Bachelor of Technology)",AI,SC,Female-only (including Supernumerary),575,575,Jammu
Indian Institute of Technology Jammu,"Materials Science and Engineering (4 Years, Bachelor of Technology)",AI,ST,Gender-Neutral,508,647,Jammu
Indian Institute of Technology Jammu,"Materials Science and Engineering (4 Years, Bachelor of Technology)",AI,ST,Female-only (including Supernumerary),1306,1306,Jammu
Indian Institute of Technology Jammu,"Mechanical Engineering (4 Years, Bachelor of Technology)",AI,ST,Gender-Neutral,95,174,Jammu
Indian Institute of Technology Jammu,"Mechanical Engineering (4 Years, Bachelor of Technology)",AI,ST,Female-only (including Supernumerary),819,819,Jammu
Indian Institute of Technology Dharwad,"Computer Science and Engineering (4 Years, Bachelor of Technology)",AI,ST,Female-only (including Supernumerary),482,482,Karnataka
Indian Institute of Technology Dharwad,"Electrical Engineering (4 Years, Bachelor of Technology)",AI,ST,Female-only (including Supernumerary),345,345,Karnataka
Indian Institute of Technology Dharwad,"Mechanical Engineering (4 Years, Bachelor of Technology)",AI,ST,Gender-Neutral,89,210,Karnataka
Indian Institute of Technology Dharwad,"Mechanical Engineering (4 Years, Bachelor of Technology)",AI,ST,Female-only (including Supernumerary),128,128,Karnataka
